id;request_id;time_of_request
1;e0bbfb97-955a-4ff9-b3b2-117e9fb0238f;2024-06-18T03:11:40
2;6312af15-95cb-4335-980b-aa4bc4240751;2024-06-17T17:25:01
3;2476d31d-34a3-49bf-80e2-888d2b95cefa;2024-06-17T18:05:19
4;78f3a5c6-76d9-4b62-a996-adf2b098d2d5;2024-06-18T03:33:10
5;d5123848-d291-4cc9-a9e2-e58bb4042d8a;2024-06-17T16:44:19
6;c4ebd675-6d82-4448-8003-8ee826d303c2;2024-06-17T19:30:30
7;d876dd06-a50b-483e-98de-42e1395cd063;2024-06-18T07:54:13
8;663771a2-d6f4-46fe-bce9-472092831fdd;2024-06-17T20:36:04
9;d5740c6a-64c9-46f7-b113-0ec005c02368;2024-06-18T03:50:56
10;a6ab53c6-eccc-4730-adb4-d705dcd92b0f;2024-06-18T00:25:07
